<?xml version="1.0" encoding="utf-8" ?>
<filetypes>
	<filetype icon="generic.gif" extension="*">File</filetype>
	<filetype icon="document.gif" extension="doc">Document</filetype>
	<filetype icon="text.gif" extension="txt">Text File</filetype>
	<filetype icon="pdf.gif" extension="pdf">Adobe Acrobat PDF</filetype>
	<filetype icon="image.gif" extension="gif,png,jpg,bmp">Image</filetype>
	<filetype icon="archive.gif" extension="zip,rar">Compressed Archive</filetype>
	<filetype icon="sound.gif" extension="wav,mp3,wma,ogg,au,aiff,snd">Sound File</filetype>
	<filetype icon="video.gif" extension="avi,wmv,mov,3gp,mpeg,mpg,asf">Video File</filetype>
	<filetype icon="webpage.gif" extension="htm,html,xhtml,php,asp,aspx,shtml,css,asmx">Web File</filetype>
</filetypes>